Platform,Security Features,Scalability and Performance,Interoperability,Data Analytics and AI/ML Integration,Edge Computing Support,Pricing Models and Cost-effectiveness,Developer Tools and SDK Support,Compliance and Standards,OTA Update Capabilities
Arduino IoT Cloud,8,8,9,7,7,6,8,7,9
AWS IoT Core,10,10,8,10,9,9,9,9,9
Blynk,5,6,7,4,2,6,7,4,7
Bosch IoT SuiteBosch IoT Suite,8,8,7,7,7,5,7,7,8
IoT on Google Cloud Platform,10,9,9,10,9,9,3,9,3
Microsoft Azure IoT Hub,10,9,8,10,9,9,9,9,9
Oracle IoT Cloud Service,8,8,7,7,7,4,7,9,7
Particle IoT Platform,7,6,5,5,7,7,8,7,8
Siemens Insights Hub,6,8,7,8,7,3,8,7,7
ThingsBoard,8,9,8,8,8,9,9,8,8
ThingSpeak,6,5,6,7,4,7,7,6,5
ThingWorx,7,8,9,8,7,3,8,6,9
